{
  "overall_mAP50": 0.9157496474231661,
  "per_class": {
    "1m": {
      "class_id": 0,
      "precision": 0.9192229684667881,
      "recall": 0.7586751701612358,
      "mAP50": 0.8865291261803316
    },
    "1p": {
      "class_id": 1,
      "precision": 1.0,
      "recall": 0.9128081265033171,
      "mAP50": 0.9547500488758552
    },
    "1s": {
      "class_id": 2,
      "precision": 0.9950696286457316,
      "recall": 0.875,
      "mAP50": 0.9268201362746388
    },
    "2m": {
      "class_id": 3,
      "precision": 0.8469895321396369,
      "recall": 0.8,
      "mAP50": 0.8860439234106431
    },
    "2p": {
      "class_id": 4,
      "precision": 0.9531742853331976,
      "recall": 0.8309465235893347,
      "mAP50": 0.871791634664929
    },
    "2s": {
      "class_id": 5,
      "precision": 0.9503032062258616,
      "recall": 0.8314479941384242,
      "mAP50": 0.9328387000229369
    },
    "3m": {
      "class_id": 6,
      "precision": 0.7696771403028758,
      "recall": 0.5897713357481313,
      "mAP50": 0.6971894882666989
    },
    "3p": {
      "class_id": 7,
      "precision": 0.9459175050330937,
      "recall": 0.95,
      "mAP50": 0.9708508324382386
    },
    "3s": {
      "class_id": 8,
      "precision": 0.9954544439759541,
      "recall": 0.7647058823529411,
      "mAP50": 0.8657040176330499
    },
    "4m": {
      "class_id": 9,
      "precision": 0.9416228013116679,
      "recall": 0.8490273045528838,
      "mAP50": 0.9432496935434438
    },
    "4p": {
      "class_id": 10,
      "precision": 0.9788892822724471,
      "recall": 0.9092984471890323,
      "mAP50": 0.9453611111111111
    },
    "4s": {
      "class_id": 11,
      "precision": 0.9744694004025449,
      "recall": 0.8732394366197183,
      "mAP50": 0.9405389291335573
    },
    "5m": {
      "class_id": 12,
      "precision": 1.0,
      "recall": 0.7777976343858982,
      "mAP50": 0.884159948135461
    },
    "5p": {
      "class_id": 13,
      "precision": 0.9320689354697523,
      "recall": 0.8846153846153846,
      "mAP50": 0.9390247090049957
    },
    "5s": {
      "class_id": 14,
      "precision": 0.9608141485510667,
      "recall": 0.7931034482758621,
      "mAP50": 0.8639972289994831
    },
    "6m": {
      "class_id": 15,
      "precision": 0.9313044970418546,
      "recall": 0.7948717948717948,
      "mAP50": 0.9269193467181022
    },
    "6p": {
      "class_id": 16,
      "precision": 0.9861162875955074,
      "recall": 0.8548387096774194,
      "mAP50": 0.9110257902277324
    },
    "6s": {
      "class_id": 17,
      "precision": 0.9461950899108275,
      "recall": 0.8928571428571429,
      "mAP50": 0.942027489816636
    },
    "7m": {
      "class_id": 18,
      "precision": 0.9507248887274834,
      "recall": 0.868421052631579,
      "mAP50": 0.9522241077139072
    },
    "7p": {
      "class_id": 19,
      "precision": 0.9570521381300416,
      "recall": 0.8571800253572106,
      "mAP50": 0.9169270733137397
    },
    "7s": {
      "class_id": 20,
      "precision": 0.9674429869869084,
      "recall": 0.7857142857142857,
      "mAP50": 0.9208841943780429
    },
    "8m": {
      "class_id": 21,
      "precision": 0.9748208983883824,
      "recall": 0.9333333333333333,
      "mAP50": 0.9378089171974523
    },
    "8p": {
      "class_id": 22,
      "precision": 0.9745652951951852,
      "recall": 0.7514090294997838,
      "mAP50": 0.835201888796349
    },
    "8s": {
      "class_id": 23,
      "precision": 0.9516014933627457,
      "recall": 0.85,
      "mAP50": 0.9122292604407274
    },
    "9m": {
      "class_id": 24,
      "precision": 0.9694873298630118,
      "recall": 0.8850574712643678,
      "mAP50": 0.9569072210785174
    },
    "9p": {
      "class_id": 25,
      "precision": 0.9722400667461227,
      "recall": 0.9096999403741618,
      "mAP50": 0.9665382783913328
    },
    "9s": {
      "class_id": 26,
      "precision": 0.8984230640129764,
      "recall": 0.8699935699615748,
      "mAP50": 0.9434651401724957
    },
    "east": {
      "class_id": 27,
      "precision": 0.88966062585995,
      "recall": 0.8180365289178441,
      "mAP50": 0.9154168753782363
    },
    "green": {
      "class_id": 28,
      "precision": 0.9463581792357288,
      "recall": 0.8020409091526673,
      "mAP50": 0.9334332301304512
    },
    "north": {
      "class_id": 29,
      "precision": 0.9842013673626357,
      "recall": 0.8306655094152992,
      "mAP50": 0.8977579188444305
    },
    "red": {
      "class_id": 30,
      "precision": 0.9665813031354872,
      "recall": 0.891566265060241,
      "mAP50": 0.9606125324809743
    },
    "south": {
      "class_id": 31,
      "precision": 0.9844621461703988,
      "recall": 0.8337174745902516,
      "mAP50": 0.9106733442107366
    },
    "west": {
      "class_id": 32,
      "precision": 0.9624644511738142,
      "recall": 0.8619155571710082,
      "mAP50": 0.9186400667593053
    },
    "white": {
      "class_id": 33,
      "precision": 0.9529497670359727,
      "recall": 0.9312138848676204,
      "mAP50": 0.9679458086431062
    }
  },
  "fp_per_class": {
    "1m": 24,
    "1p": 6,
    "1s": 11,
    "2m": 10,
    "2p": 8,
    "2s": 9,
    "3m": 13,
    "3p": 2,
    "3s": 6,
    "4m": 9,
    "4p": 5,
    "4s": 7,
    "5m": 9,
    "5p": 6,
    "5s": 14,
    "6m": 6,
    "6p": 9,
    "6s": 6,
    "7m": 2,
    "7p": 6,
    "7s": 3,
    "8m": 2,
    "8p": 12,
    "8s": 6,
    "9m": 9,
    "9p": 5,
    "9s": 8,
    "east": 9,
    "green": 7,
    "north": 12,
    "red": 6,
    "south": 14,
    "west": 15,
    "white": 11
  },
  "fn_per_class": {
    "1m": 17,
    "1p": 4,
    "1s": 8,
    "2m": 15,
    "2p": 2,
    "2s": 7,
    "3m": 11,
    "3p": 5,
    "3s": 9,
    "4m": 10,
    "4p": 5,
    "4s": 12,
    "5m": 6,
    "5p": 4,
    "5s": 8,
    "6m": 6,
    "6p": 4,
    "6s": 7,
    "7m": 7,
    "7p": 8,
    "7s": 5,
    "8m": 1,
    "8p": 3,
    "8s": 5,
    "9m": 8,
    "9p": 5,
    "9s": 13,
    "east": 10,
    "green": 4,
    "north": 6,
    "red": 10,
    "south": 8,
    "west": 7,
    "white": 16
  },
  "top_confused_pairs": [
    {
      "actual": "east",
      "predicted": "south",
      "count": 4
    },
    {
      "actual": "1m",
      "predicted": "2m",
      "count": 2
    },
    {
      "actual": "1m",
      "predicted": "north",
      "count": 2
    },
    {
      "actual": "2m",
      "predicted": "1m",
      "count": 2
    },
    {
      "actual": "3m",
      "predicted": "2m",
      "count": 2
    },
    {
      "actual": "3m",
      "predicted": "4m",
      "count": 2
    },
    {
      "actual": "3p",
      "predicted": "1m",
      "count": 2
    },
    {
      "actual": "3s",
      "predicted": "2s",
      "count": 2
    },
    {
      "actual": "4p",
      "predicted": "5p",
      "count": 2
    },
    {
      "actual": "4s",
      "predicted": "2s",
      "count": 2
    },
    {
      "actual": "6p",
      "predicted": "9p",
      "count": 2
    },
    {
      "actual": "7m",
      "predicted": "6m",
      "count": 2
    },
    {
      "actual": "7s",
      "predicted": "9s",
      "count": 2
    },
    {
      "actual": "8s",
      "predicted": "5s",
      "count": 2
    },
    {
      "actual": "9m",
      "predicted": "2m",
      "count": 2
    },
    {
      "actual": "9s",
      "predicted": "6s",
      "count": 2
    },
    {
      "actual": "green",
      "predicted": "1s",
      "count": 2
    },
    {
      "actual": "red",
      "predicted": "south",
      "count": 2
    },
    {
      "actual": "1m",
      "predicted": "1p",
      "count": 1
    },
    {
      "actual": "1m",
      "predicted": "3m",
      "count": 1
    }
  ]
}