{
  "overall_mAP50": 0.880418110042147,
  "per_class": {
    "1m": {
      "class_id": 0,
      "precision": 0.962619814317524,
      "recall": 0.7357980850081126,
      "mAP50": 0.8282965760791428
    },
    "1p": {
      "class_id": 1,
      "precision": 0.9526913512537623,
      "recall": 0.8513513513513513,
      "mAP50": 0.9245069126977936
    },
    "1s": {
      "class_id": 2,
      "precision": 0.9665801866407873,
      "recall": 0.8034295882526882,
      "mAP50": 0.9206847988014882
    },
    "2m": {
      "class_id": 3,
      "precision": 0.9235801094423758,
      "recall": 0.8058145980007868,
      "mAP50": 0.8759302576649025
    },
    "2p": {
      "class_id": 4,
      "precision": 0.9196314317998463,
      "recall": 0.8163265306122449,
      "mAP50": 0.8571134650099623
    },
    "2s": {
      "class_id": 5,
      "precision": 0.9654224702394016,
      "recall": 0.8093238160250845,
      "mAP50": 0.9016537035225236
    },
    "3m": {
      "class_id": 6,
      "precision": 0.8428114784932579,
      "recall": 0.5294117647058824,
      "mAP50": 0.6629392959094236
    },
    "3p": {
      "class_id": 7,
      "precision": 0.9221221867061349,
      "recall": 0.888209005820765,
      "mAP50": 0.9336561842243661
    },
    "3s": {
      "class_id": 8,
      "precision": 0.7286400787424172,
      "recall": 0.7647058823529411,
      "mAP50": 0.7882601899149383
    },
    "4m": {
      "class_id": 9,
      "precision": 0.9305990809326179,
      "recall": 0.7894736842105263,
      "mAP50": 0.9081617044473579
    },
    "4p": {
      "class_id": 10,
      "precision": 0.9369716091396761,
      "recall": 0.8745617661379693,
      "mAP50": 0.9253540933924587
    },
    "4s": {
      "class_id": 11,
      "precision": 0.9275967789673378,
      "recall": 0.8591549295774648,
      "mAP50": 0.9201431856870641
    },
    "5m": {
      "class_id": 12,
      "precision": 1.0,
      "recall": 0.7069549629027572,
      "mAP50": 0.8672539543675692
    },
    "5p": {
      "class_id": 13,
      "precision": 0.9131104975185174,
      "recall": 0.8083889213222816,
      "mAP50": 0.9002352837782603
    },
    "5s": {
      "class_id": 14,
      "precision": 1.0,
      "recall": 0.7410975216662723,
      "mAP50": 0.822210227843604
    },
    "6m": {
      "class_id": 15,
      "precision": 0.9365208659704436,
      "recall": 0.717948717948718,
      "mAP50": 0.8267573889112899
    },
    "6p": {
      "class_id": 16,
      "precision": 0.949003953543634,
      "recall": 0.8064516129032258,
      "mAP50": 0.8808635829129512
    },
    "6s": {
      "class_id": 17,
      "precision": 0.8974805213743267,
      "recall": 0.8928571428571429,
      "mAP50": 0.9360081849386027
    },
    "7m": {
      "class_id": 18,
      "precision": 0.8568335102966055,
      "recall": 0.8421052631578947,
      "mAP50": 0.8823084419911895
    },
    "7p": {
      "class_id": 19,
      "precision": 0.9325684315208267,
      "recall": 0.7979839385335704,
      "mAP50": 0.8659597225722367
    },
    "7s": {
      "class_id": 20,
      "precision": 1.0,
      "recall": 0.7327047915601262,
      "mAP50": 0.8674389059432537
    },
    "8m": {
      "class_id": 21,
      "precision": 0.911219989462252,
      "recall": 0.8666666666666667,
      "mAP50": 0.9303281868702431
    },
    "8p": {
      "class_id": 22,
      "precision": 0.9474479964562955,
      "recall": 0.7070385367473537,
      "mAP50": 0.849286871782968
    },
    "8s": {
      "class_id": 23,
      "precision": 0.9123089570826469,
      "recall": 0.85,
      "mAP50": 0.862728744071019
    },
    "9m": {
      "class_id": 24,
      "precision": 0.9572064902184593,
      "recall": 0.8505747126436781,
      "mAP50": 0.9307057064891233
    },
    "9p": {
      "class_id": 25,
      "precision": 0.9516422030764261,
      "recall": 0.8701298701298701,
      "mAP50": 0.9471451702749837
    },
    "9s": {
      "class_id": 26,
      "precision": 0.9271364727682114,
      "recall": 0.8688524590163934,
      "mAP50": 0.9186028636009022
    },
    "east": {
      "class_id": 27,
      "precision": 0.9477941277953282,
      "recall": 0.7894076642094463,
      "mAP50": 0.8601359004040702
    },
    "green": {
      "class_id": 28,
      "precision": 0.9433360754989076,
      "recall": 0.7568574446434513,
      "mAP50": 0.85313845600759
    },
    "north": {
      "class_id": 29,
      "precision": 0.8691067620438141,
      "recall": 0.7968132259401125,
      "mAP50": 0.8552505209964615
    },
    "red": {
      "class_id": 30,
      "precision": 0.9463010782466983,
      "recall": 0.8493101935818544,
      "mAP50": 0.919132659305497
    },
    "south": {
      "class_id": 31,
      "precision": 1.0,
      "recall": 0.7704431126048568,
      "mAP50": 0.8782801302654196
    },
    "west": {
      "class_id": 32,
      "precision": 0.9670749601790658,
      "recall": 0.8487394957983193,
      "mAP50": 0.8898517127803524
    },
    "white": {
      "class_id": 33,
      "precision": 0.9402025151450469,
      "recall": 0.9036331982238146,
      "mAP50": 0.9438927579739884
    }
  },
  "fp_per_class": {
    "1m": 26,
    "1p": 10,
    "1s": 13,
    "2m": 8,
    "2p": 9,
    "2s": 12,
    "3m": 16,
    "3p": 4,
    "3s": 10,
    "4m": 10,
    "4p": 7,
    "4s": 8,
    "5m": 12,
    "5p": 7,
    "5s": 15,
    "6m": 9,
    "6p": 11,
    "6s": 5,
    "7m": 5,
    "7p": 11,
    "7s": 6,
    "8m": 2,
    "8p": 12,
    "8s": 6,
    "9m": 13,
    "9p": 10,
    "9s": 9,
    "east": 13,
    "green": 10,
    "north": 14,
    "red": 7,
    "south": 15,
    "west": 18,
    "white": 15
  },
  "fn_per_class": {
    "1m": 12,
    "1p": 7,
    "1s": 10,
    "2m": 10,
    "2p": 12,
    "2s": 12,
    "3m": 15,
    "3p": 6,
    "3s": 20,
    "4m": 5,
    "4p": 6,
    "4s": 15,
    "5m": 10,
    "5p": 9,
    "5s": 6,
    "6m": 8,
    "6p": 7,
    "6s": 14,
    "7m": 10,
    "7p": 6,
    "7s": 9,
    "8m": 8,
    "8p": 3,
    "8s": 6,
    "9m": 11,
    "9p": 8,
    "9s": 13,
    "east": 6,
    "green": 7,
    "north": 13,
    "red": 15,
    "south": 5,
    "west": 8,
    "white": 21
  },
  "top_confused_pairs": [
    {
      "actual": "3m",
      "predicted": "5m",
      "count": 3
    },
    {
      "actual": "6p",
      "predicted": "9p",
      "count": 3
    },
    {
      "actual": "1m",
      "predicted": "2m",
      "count": 2
    },
    {
      "actual": "1p",
      "predicted": "1s",
      "count": 2
    },
    {
      "actual": "1s",
      "predicted": "7p",
      "count": 2
    },
    {
      "actual": "2s",
      "predicted": "3s",
      "count": 2
    },
    {
      "actual": "3p",
      "predicted": "1m",
      "count": 2
    },
    {
      "actual": "4s",
      "predicted": "2s",
      "count": 2
    },
    {
      "actual": "6s",
      "predicted": "5s",
      "count": 2
    },
    {
      "actual": "7m",
      "predicted": "1m",
      "count": 2
    },
    {
      "actual": "8m",
      "predicted": "3m",
      "count": 2
    },
    {
      "actual": "9s",
      "predicted": "7s",
      "count": 2
    },
    {
      "actual": "1m",
      "predicted": "3m",
      "count": 1
    },
    {
      "actual": "1m",
      "predicted": "9m",
      "count": 1
    },
    {
      "actual": "2m",
      "predicted": "1m",
      "count": 1
    },
    {
      "actual": "2m",
      "predicted": "3m",
      "count": 1
    },
    {
      "actual": "2m",
      "predicted": "green",
      "count": 1
    },
    {
      "actual": "2p",
      "predicted": "3p",
      "count": 1
    },
    {
      "actual": "2p",
      "predicted": "4p",
      "count": 1
    },
    {
      "actual": "2p",
      "predicted": "8p",
      "count": 1
    }
  ]
}