{
  "overall_mAP50": 0.7690149475320603,
  "classes": {
    "1m": {
      "class_id": 0,
      "precision": 0.8254167592572247,
      "recall": 0.8445600608347602,
      "mAP50": 0.7854811966518738
    },
    "1p": {
      "class_id": 1,
      "precision": 0.7993503883424639,
      "recall": 0.7968602103219086,
      "mAP50": 0.7010369458128078
    },
    "1s": {
      "class_id": 2,
      "precision": 0.8071924880678139,
      "recall": 0.7931034482758621,
      "mAP50": 0.7104087301587301
    },
    "2m": {
      "class_id": 3,
      "precision": 0.8960310379847339,
      "recall": 0.7714285714285715,
      "mAP50": 0.8094798319028014
    },
    "2p": {
      "class_id": 4,
      "precision": 0.7359058922662959,
      "recall": 0.7916666666666666,
      "mAP50": 0.7117367588932808
    },
    "2s": {
      "class_id": 5,
      "precision": 0.8563880173621334,
      "recall": 0.8709677419354839,
      "mAP50": 0.8070818958081765
    },
    "3m": {
      "class_id": 6,
      "precision": 0.7583496145779615,
      "recall": 0.7322851763681177,
      "mAP50": 0.6907150702095499
    },
    "3p": {
      "class_id": 7,
      "precision": 0.9003555045863182,
      "recall": 0.9166666666666666,
      "mAP50": 0.8621979591836733
    },
    "3s": {
      "class_id": 8,
      "precision": 0.8914459466030921,
      "recall": 0.8695652173913043,
      "mAP50": 0.8735747192513366
    },
    "4m": {
      "class_id": 9,
      "precision": 0.8047041372421235,
      "recall": 0.7222222222222222,
      "mAP50": 0.6618869514106582
    },
    "4p": {
      "class_id": 10,
      "precision": 0.8717629357295115,
      "recall": 0.88,
      "mAP50": 0.7970222222222221
    },
    "4s": {
      "class_id": 11,
      "precision": 0.8246778230191697,
      "recall": 0.7142857142857143,
      "mAP50": 0.6618711990820426
    },
    "5m": {
      "class_id": 12,
      "precision": 0.8095424769888541,
      "recall": 0.6717577978478066,
      "mAP50": 0.7633603101515816
    },
    "5p": {
      "class_id": 13,
      "precision": 0.7340733546370634,
      "recall": 0.7368421052631579,
      "mAP50": 0.5782826315789473
    },
    "5s": {
      "class_id": 14,
      "precision": 0.8663600237298287,
      "recall": 0.8645201661088009,
      "mAP50": 0.7941469072164948
    },
    "6m": {
      "class_id": 15,
      "precision": 0.7603527368450754,
      "recall": 0.9166666666666666,
      "mAP50": 0.8991687719298245
    },
    "6p": {
      "class_id": 16,
      "precision": 0.8433208533139873,
      "recall": 0.8076987376552535,
      "mAP50": 0.7913775510204082
    },
    "6s": {
      "class_id": 17,
      "precision": 0.6943690470495034,
      "recall": 0.7222222222222222,
      "mAP50": 0.6746719051799825
    },
    "7m": {
      "class_id": 18,
      "precision": 0.9117940515752503,
      "recall": 0.9230769230769231,
      "mAP50": 0.9024443193662705
    },
    "7p": {
      "class_id": 19,
      "precision": 0.9138599203428078,
      "recall": 0.9047619047619048,
      "mAP50": 0.8850833333333334
    },
    "7s": {
      "class_id": 20,
      "precision": 0.8412135489986701,
      "recall": 0.7850815448994036,
      "mAP50": 0.7578339589589588
    },
    "8m": {
      "class_id": 21,
      "precision": 0.8065184778942337,
      "recall": 0.8387096774193549,
      "mAP50": 0.7506494589789181
    },
    "8p": {
      "class_id": 22,
      "precision": 0.8881599490539019,
      "recall": 0.8636363636363636,
      "mAP50": 0.855170238095238
    },
    "8s": {
      "class_id": 23,
      "precision": 0.7484908068304776,
      "recall": 0.6202208882965125,
      "mAP50": 0.6546351994851997
    },
    "9m": {
      "class_id": 24,
      "precision": 0.8957062792885796,
      "recall": 0.9117647058823529,
      "mAP50": 0.8627828322440088
    },
    "9p": {
      "class_id": 25,
      "precision": 0.8000141195868749,
      "recall": 0.7666666666666667,
      "mAP50": 0.6675804597701148
    },
    "9s": {
      "class_id": 26,
      "precision": 0.7556482713844712,
      "recall": 0.8138504343961389,
      "mAP50": 0.7449691828922007
    },
    "east": {
      "class_id": 27,
      "precision": 0.8054204873223962,
      "recall": 0.7948717948717948,
      "mAP50": 0.6946986942967176
    },
    "green": {
      "class_id": 28,
      "precision": 0.8619837835071742,
      "recall": 0.8709677419354839,
      "mAP50": 0.8203182954864106
    },
    "north": {
      "class_id": 29,
      "precision": 0.8055332331449191,
      "recall": 0.8421052631578947,
      "mAP50": 0.7634125874125874
    },
    "red": {
      "class_id": 30,
      "precision": 0.8271393323544266,
      "recall": 0.8157894736842105,
      "mAP50": 0.7614875201166476
    },
    "south": {
      "class_id": 31,
      "precision": 0.8734494199320152,
      "recall": 0.8378378378378378,
      "mAP50": 0.8228007064632066
    },
    "west": {
      "class_id": 32,
      "precision": 0.84921311302731,
      "recall": 0.844885234677515,
      "mAP50": 0.8227443019055923
    },
    "white": {
      "class_id": 33,
      "precision": 0.8484251622730768,
      "recall": 0.875,
      "mAP50": 0.8063955696202532
    }
  }
}