{
  "overall_mAP50": 0.9157658876868301,
  "per_class": {
    "1m": {
      "class_id": 0,
      "precision": 0.9589552147866585,
      "recall": 0.7714285714285715,
      "mAP50": 0.8808206802582798
    },
    "1p": {
      "class_id": 1,
      "precision": 0.9890276283330992,
      "recall": 0.8783783783783784,
      "mAP50": 0.9439709042381225
    },
    "1s": {
      "class_id": 2,
      "precision": 0.9766522296658547,
      "recall": 0.8611111111111112,
      "mAP50": 0.9283861920110985
    },
    "2m": {
      "class_id": 3,
      "precision": 0.9487477217857908,
      "recall": 0.8227382887314855,
      "mAP50": 0.9103879348617909
    },
    "2p": {
      "class_id": 4,
      "precision": 0.9759599575194708,
      "recall": 0.8286336091536479,
      "mAP50": 0.876201801464232
    },
    "2s": {
      "class_id": 5,
      "precision": 0.9835588956439913,
      "recall": 0.8670370732899756,
      "mAP50": 0.9322106746216444
    },
    "3m": {
      "class_id": 6,
      "precision": 0.9536966505680882,
      "recall": 0.6061133106604928,
      "mAP50": 0.7337579063197902
    },
    "3p": {
      "class_id": 7,
      "precision": 0.9232869486068928,
      "recall": 0.95,
      "mAP50": 0.9670917148790982
    },
    "3s": {
      "class_id": 8,
      "precision": 1.0,
      "recall": 0.7609987828772413,
      "mAP50": 0.8420182777462593
    },
    "4m": {
      "class_id": 9,
      "precision": 1.0,
      "recall": 0.8237779877496575,
      "mAP50": 0.9488754046222829
    },
    "4p": {
      "class_id": 10,
      "precision": 0.9897237066183571,
      "recall": 0.9019607843137255,
      "mAP50": 0.9418679927667271
    },
    "4s": {
      "class_id": 11,
      "precision": 0.9730027232265065,
      "recall": 0.8591549295774648,
      "mAP50": 0.9426525326918536
    },
    "5m": {
      "class_id": 12,
      "precision": 1.0,
      "recall": 0.7596996838392612,
      "mAP50": 0.8913115965204645
    },
    "5p": {
      "class_id": 13,
      "precision": 0.9781872593995137,
      "recall": 0.8653846153846154,
      "mAP50": 0.9456956124636724
    },
    "5s": {
      "class_id": 14,
      "precision": 1.0,
      "recall": 0.7517326055985089,
      "mAP50": 0.851166003948304
    },
    "6m": {
      "class_id": 15,
      "precision": 0.9918522782188249,
      "recall": 0.7692307692307693,
      "mAP50": 0.9213866237661801
    },
    "6p": {
      "class_id": 16,
      "precision": 0.9672607055761139,
      "recall": 0.8064516129032258,
      "mAP50": 0.9064049019277621
    },
    "6s": {
      "class_id": 17,
      "precision": 0.9803898458113569,
      "recall": 0.8927519074814346,
      "mAP50": 0.9649502442002442
    },
    "7m": {
      "class_id": 18,
      "precision": 0.9352870303419792,
      "recall": 0.8421052631578947,
      "mAP50": 0.9489854088102054
    },
    "7p": {
      "class_id": 19,
      "precision": 0.9195502545014209,
      "recall": 0.8269230769230769,
      "mAP50": 0.919931481432311
    },
    "7s": {
      "class_id": 20,
      "precision": 0.9870182043947214,
      "recall": 0.75,
      "mAP50": 0.921537016200174
    },
    "8m": {
      "class_id": 21,
      "precision": 0.9883463811388269,
      "recall": 0.9333333333333333,
      "mAP50": 0.9414122386537482
    },
    "8p": {
      "class_id": 22,
      "precision": 1.0,
      "recall": 0.7670553247547583,
      "mAP50": 0.8645077713189182
    },
    "8s": {
      "class_id": 23,
      "precision": 0.9476489381804687,
      "recall": 0.85,
      "mAP50": 0.883211124810816
    },
    "9m": {
      "class_id": 24,
      "precision": 0.9266805203183995,
      "recall": 0.8505747126436781,
      "mAP50": 0.9504142927755217
    },
    "9p": {
      "class_id": 25,
      "precision": 0.956133648691829,
      "recall": 0.8961038961038961,
      "mAP50": 0.9725002915383091
    },
    "9s": {
      "class_id": 26,
      "precision": 0.9609439873386272,
      "recall": 0.9180327868852459,
      "mAP50": 0.953073082556678
    },
    "east": {
      "class_id": 27,
      "precision": 0.981931913912371,
      "recall": 0.7876854326101828,
      "mAP50": 0.9139611804115899
    },
    "green": {
      "class_id": 28,
      "precision": 0.9729212635053837,
      "recall": 0.8166164315720668,
      "mAP50": 0.9124036500534464
    },
    "north": {
      "class_id": 29,
      "precision": 0.9461494742841747,
      "recall": 0.8266666666666667,
      "mAP50": 0.8870665030536733
    },
    "red": {
      "class_id": 30,
      "precision": 0.9837225991556161,
      "recall": 0.9036144578313253,
      "mAP50": 0.9497488636640499
    },
    "south": {
      "class_id": 31,
      "precision": 1.0,
      "recall": 0.846983749811934,
      "mAP50": 0.9186809695715146
    },
    "west": {
      "class_id": 32,
      "precision": 0.9712771181573491,
      "recall": 0.8525101688466452,
      "mAP50": 0.9087771304765833
    },
    "white": {
      "class_id": 33,
      "precision": 0.940758106051596,
      "recall": 0.9022988505747126,
      "mAP50": 0.9606721767168763
    }
  },
  "fp_per_class": {
    "1m": 23,
    "1p": 7,
    "1s": 8,
    "2m": 9,
    "2p": 8,
    "2s": 8,
    "3m": 12,
    "3p": 2,
    "3s": 7,
    "4m": 8,
    "4p": 5,
    "4s": 8,
    "5m": 11,
    "5p": 7,
    "5s": 14,
    "6m": 5,
    "6p": 9,
    "6s": 4,
    "7m": 6,
    "7p": 7,
    "7s": 6,
    "8m": 2,
    "8p": 12,
    "8s": 7,
    "9m": 8,
    "9p": 5,
    "9s": 5,
    "east": 10,
    "green": 9,
    "north": 10,
    "red": 7,
    "south": 12,
    "west": 16,
    "white": 10
  },
  "fn_per_class": {
    "1m": 15,
    "1p": 4,
    "1s": 7,
    "2m": 11,
    "2p": 3,
    "2s": 6,
    "3m": 8,
    "3p": 9,
    "3s": 10,
    "4m": 6,
    "4p": 6,
    "4s": 7,
    "5m": 8,
    "5p": 2,
    "5s": 8,
    "6m": 6,
    "6p": 7,
    "6s": 4,
    "7m": 6,
    "7p": 11,
    "7s": 6,
    "8m": 1,
    "8p": 5,
    "8s": 6,
    "9m": 12,
    "9p": 7,
    "9s": 9,
    "east": 8,
    "green": 3,
    "north": 7,
    "red": 10,
    "south": 6,
    "west": 12,
    "white": 20
  },
  "top_confused_pairs": [
    {
      "actual": "1m",
      "predicted": "2m",
      "count": 3
    },
    {
      "actual": "4p",
      "predicted": "5p",
      "count": 3
    },
    {
      "actual": "8s",
      "predicted": "5s",
      "count": 3
    },
    {
      "actual": "1s",
      "predicted": "1p",
      "count": 2
    },
    {
      "actual": "3m",
      "predicted": "4m",
      "count": 2
    },
    {
      "actual": "3p",
      "predicted": "1m",
      "count": 2
    },
    {
      "actual": "3s",
      "predicted": "1s",
      "count": 2
    },
    {
      "actual": "6m",
      "predicted": "5m",
      "count": 2
    },
    {
      "actual": "6m",
      "predicted": "7m",
      "count": 2
    },
    {
      "actual": "6p",
      "predicted": "9p",
      "count": 2
    },
    {
      "actual": "9m",
      "predicted": "1m",
      "count": 2
    },
    {
      "actual": "9s",
      "predicted": "7s",
      "count": 2
    },
    {
      "actual": "north",
      "predicted": "west",
      "count": 2
    },
    {
      "actual": "white",
      "predicted": "south",
      "count": 2
    },
    {
      "actual": "1m",
      "predicted": "3m",
      "count": 1
    },
    {
      "actual": "1m",
      "predicted": "4m",
      "count": 1
    },
    {
      "actual": "1m",
      "predicted": "south",
      "count": 1
    },
    {
      "actual": "1m",
      "predicted": "west",
      "count": 1
    },
    {
      "actual": "1p",
      "predicted": "north",
      "count": 1
    },
    {
      "actual": "1s",
      "predicted": "6p",
      "count": 1
    }
  ]
}